node_id,community,degree
0,0,347
1,0,17
2,0,10
3,0,17
4,0,10
5,0,13
6,0,6
7,0,20
8,0,8
9,0,57
10,0,10
11,0,1
12,0,1
13,0,31
14,0,15
15,0,1
16,0,9
17,0,13
18,0,1
19,0,16
20,0,15
21,0,65
22,0,11
23,0,17
24,0,16
25,0,69
26,0,68
27,0,5
28,0,13
29,0,13
30,0,17
31,0,23
32,0,6
33,0,2
34,1,5
35,0,2
36,0,11
37,0,1
38,0,9
39,0,15
40,0,44
41,0,24
42,0,2
43,0,1
44,0,6
45,0,12
46,0,5
47,0,2
48,0,22
49,0,4
50,0,11
51,0,7
52,0,2
53,0,31
54,0,8
55,0,17
56,0,78
57,0,15
58,0,12
59,0,19
60,0,8
61,0,3
62,0,26
63,0,6
64,0,7
65,0,12
66,0,15
67,0,76
68,0,9
69,0,10
70,0,2
71,0,3
72,0,24
73,0,10
74,0,1
75,0,14
76,0,3
77,0,6
78,0,9
79,0,12
80,0,23
81,0,3
82,0,34
83,0,7
84,0,13
85,0,14
86,0,6
87,0,13
88,0,20
89,0,8
90,0,2
91,0,8
92,0,21
93,0,8
94,0,22
95,0,6
96,0,9
97,0,3
98,0,49
99,0,13
100,0,9
101,0,19
102,0,6
103,0,16
104,0,32
105,0,14
106,0,8
107,2,1045
108,0,13
109,0,37
110,0,5
111,0,14
112,0,3
113,0,40
114,0,1
115,0,21
116,0,17
117,0,6
118,0,36
119,0,62
120,0,4
121,0,12
122,0,63
123,0,18
124,0,4
125,0,4
126,0,7
127,0,16
128,0,28
129,0,7
130,0,16
131,0,7
132,0,16
133,0,18
134,0,19
135,0,10
136,3,133
137,0,16
138,0,2
139,0,9
140,0,11
141,0,28
142,0,43
143,0,12
144,0,15
145,0,2
146,0,10
147,0,6
148,0,20
149,0,14
150,0,11
151,0,7
152,0,5
153,0,2
154,0,2
155,0,3
156,0,12
157,0,3
158,0,25
159,0,14
160,0,2
161,0,25
162,0,8
163,0,6
164,0,3
165,0,11
166,0,4
167,0,7
168,0,11
169,0,38
170,0,46
171,0,22
172,0,41
173,1,12
174,0,4
175,0,17
176,0,14
177,0,11
178,0,13
179,0,3
180,0,20
181,0,10
182,0,3
183,0,2
184,0,18
185,0,26
186,0,44
187,0,16
188,0,48
189,0,7
190,0,4
191,0,3
192,0,5
193,0,5
194,0,19
195,0,9
196,0,13
197,0,16
198,1,12
199,0,47
200,0,57
201,0,4
202,0,4
203,0,57
204,0,22
205,0,2
206,0,4
207,0,3
208,0,7
209,0,1
210,0,1
211,0,30
212,0,18
213,0,39
214,0,17
215,0,1
216,0,2
217,0,8
218,0,9
219,0,6
220,0,4
221,0,8
222,0,11
223,0,27
224,0,28
225,0,10
226,0,14
227,0,15
228,0,3
229,0,6
230,0,9
231,0,21
232,0,25
233,0,2
234,0,2
235,0,5
236,0,37
237,0,7
238,0,23
239,0,59
240,0,3
241,0,2
242,0,24
243,0,8
244,0,2
245,0,5
246,0,14
247,0,3
248,0,21
249,0,24
250,0,5
251,0,14
252,0,65
253,0,3
254,0,17
255,0,2
256,0,2
257,0,18
258,0,15
259,0,8
260,0,8
261,0,38
262,0,4
263,0,7
264,0,5
265,0,27
266,0,18
267,0,2
268,0,11
269,0,6
270,0,4
271,0,73
272,0,45
273,0,9
274,0,14
275,0,10
276,0,18
277,0,65
278,0,10
279,0,2
280,0,43
281,0,16
282,0,2
283,0,5
284,0,16
285,0,47
286,0,2
287,0,1
288,0,4
289,0,4
290,0,14
291,0,36
292,0,1
293,0,3
294,0,3
295,0,10
296,0,7
297,0,25
298,0,11
299,0,20
300,0,7
301,0,3
302,0,20
303,0,21
304,0,55
305,0,2
306,0,9
307,0,4
308,0,24
309,0,10
310,0,13
311,0,7
312,0,26
313,0,37
314,0,13
315,0,56
316,0,2
317,0,7
318,0,11
319,0,8
320,0,21
321,0,3
322,0,72
323,0,39
324,0,26
325,0,39
326,0,19
327,0,4
328,0,9
329,0,30
330,0,16
331,0,20
332,0,43
333,0,8
334,0,28
335,0,1
336,0,3
337,0,9
338,0,7
339,0,27
340,0,6
341,0,12
342,0,34
343,0,18
344,0,9
345,0,16
346,0,27
347,0,7
348,1,229
414,1,159
428,1,115
1684,4,792
1912,3,755
2814,0,2
2838,0,4
2885,0,4
3003,0,4
3173,4,18
3290,0,5
353,1,102
363,1,96
366,1,97
376,1,133
389,2,48
420,1,34
475,1,122
483,1,231
484,1,107
517,1,104
526,1,98
538,1,87
563,1,91
566,1,85
580,1,84
596,1,46
601,1,25
606,1,91
629,1,11
637,1,115
641,1,66
649,1,5
651,1,73
896,2,126
897,5,66
898,2,38
899,5,3
900,6,13
901,7,34
902,2,46
903,7,34
904,2,3
905,1,17
906,5,78
907,5,13
908,6,32
909,2,12
910,1,5
911,2,1
912,1,9
913,2,44
914,2,16
915,1,35
916,5,147
917,2,130
918,2,1
919,2,29
920,5,13
921,5,106
922,5,30
923,6,8
924,2,45
925,5,167
926,5,21
927,5,75
928,6,9
929,6,5
930,1,52
931,2,15
932,5,63
933,2,25
934,5,82
935,2,7
936,1,37
937,2,7
938,7,29
939,2,17
940,2,17
941,2,54
942,2,65
943,2,12
944,2,37
945,2,4
946,5,166
947,5,115
948,1,38
949,2,23
950,6,10
951,6,20
952,5,84
953,5,109
954,2,55
955,2,10
956,2,10
957,2,65
958,7,24
959,5,46
960,5,103
961,5,13
962,1,27
963,7,33
964,2,26
965,2,16
966,5,115
967,5,107
968,2,40
969,2,32
970,6,15
971,2,34
972,5,21
973,5,18
974,2,11
975,2,54
976,1,24
977,2,26
978,5,104
979,2,10
980,5,128
981,2,47
982,5,68
983,5,62
984,2,42
985,2,7
986,2,11
987,2,6
988,2,41
989,2,35
990,4,29
991,5,19
992,7,31
993,5,154
994,2,27
995,5,66
996,6,4
997,5,96
998,5,9
999,5,77
1000,2,16
1001,1,39
1002,2,4
1003,5,95
1004,5,120
1005,2,14
1006,5,142
1007,2,16
1008,6,8
1009,2,57
1010,2,36
1011,2,32
1012,1,32
1013,2,12
1014,2,99
1015,2,36
1016,2,9
1017,5,149
1018,2,51
1019,2,58
1020,2,58
1021,2,61
1022,2,4
1023,6,9
1024,5,85
1025,1,29
1026,5,80
1027,2,3
1028,5,67
1029,5,79
1030,2,11
1031,6,4
1032,2,79
1033,6,17
1034,5,3
1035,2,26
1036,2,58
1037,2,37
1038,5,5
1039,5,27
1040,5,67
1041,2,48
1042,2,15
1043,2,12
1044,2,28
1045,2,12
1046,2,3
1047,5,65
1048,5,106
1049,5,82
1050,5,11
1051,2,46
1052,2,63
1053,2,8
1054,5,54
1055,5,14
1056,5,65
1057,2,5
1058,5,7
1059,5,165
1060,2,51
1061,6,10
1062,2,22
1063,5,22
1064,2,27
1065,2,2
1066,2,68
1067,2,76
1068,5,49
1069,5,21
1070,2,78
1071,2,3
1072,2,26
1073,6,10
1074,5,63
1075,5,80
1076,5,142
1077,5,15
1078,5,183
1079,5,123
1080,1,60
1081,2,30
1082,2,57
1083,5,106
1084,5,15
1085,13,66
1086,5,205
1087,6,7
1088,6,14
1089,2,14
1090,2,13
1091,5,20
1092,5,50
1093,2,9
1094,2,11
1095,1,24
1096,2,1
1097,7,36
1098,6,23
1099,2,56
1100,2,64
1101,5,123
1102,2,51
1103,2,8
1104,2,109
1105,2,4
1106,2,27
1107,5,141
1108,2,43
1109,2,38
1110,5,70
1111,2,9
1112,5,54
1113,1,47
1114,1,38
1115,2,36
1116,5,29
1117,5,122
1118,7,35
1119,2,1
1120,2,51
1121,2,24
1122,1,49
1123,5,71
1124,5,130
1125,5,117
1126,5,198
1127,2,21
1128,5,98
1129,2,60
1130,5,66
1131,2,32
1132,5,142
1133,5,6
1134,2,11
1135,5,68
1136,6,33
1137,7,29
1138,2,14
1139,2,24
1140,4,9
1141,2,18
1142,1,33
1143,2,14
1144,6,21
1145,2,1
1146,5,147
1147,2,5
1148,2,65
1149,5,102
1150,5,14
1151,5,6
1152,2,17
1153,5,139
1154,2,9
1155,1,45
1156,5,99
1157,5,5
1158,2,66
1159,2,61
1160,5,88
1161,5,19
1162,2,8
1163,5,100
1164,5,27
1165,6,26
1166,2,57
1167,2,28
1168,2,6
1169,2,19
1170,2,36
1171,5,24
1172,5,113
1173,5,115
1174,6,18
1175,5,132
1176,2,2
1177,2,15
1178,6,13
1179,1,45
1180,5,45
1181,5,89
1182,5,66
1183,2,34
1184,5,158
1185,5,156
1186,7,17
1187,6,20
1188,2,32
1189,2,38
1190,2,39
1191,5,110
1192,2,97
1193,6,9
1194,2,4
1195,5,49
1196,5,26
1197,2,15
1198,5,83
1199,5,217
1200,2,4
1201,5,58
1202,2,9
1203,6,8
1204,2,107
1205,5,102
1206,2,1
1207,5,72
1208,2,3
1209,5,76
1210,1,40
1211,5,173
1212,2,26
1213,2,20
1214,5,114
1215,2,43
1216,7,36
1217,2,47
1218,2,11
1219,5,54
1220,5,9
1221,2,71
1222,5,142
1223,1,22
1224,2,2
1225,2,30
1226,2,35
1227,2,84
1228,2,23
1229,2,47
1230,5,125
1231,2,74
1232,7,29
1233,1,2
1234,2,15
1235,2,107
1236,2,43
1237,1,60
1238,5,152
1239,5,9
1240,2,7
1241,2,20
1242,5,93
1243,5,112
1244,2,12
1245,2,40
1246,2,35
1247,2,24
1248,2,8
1249,2,15
1250,5,137
1251,6,12
1252,2,3
1253,2,3
1254,2,6
1255,5,124
1256,5,135
1257,2,55
1258,2,42
1259,2,47
1260,2,38
1261,2,68
1262,2,2
1263,2,6
1264,2,5
1265,5,31
1266,5,13
1267,5,120
1268,2,11
1269,5,126
1270,2,2
1271,5,96
1272,5,84
1273,2,64
1274,6,25
1275,2,57
1276,2,2
1277,2,124
1278,5,36
1279,2,44
1280,5,76
1281,2,41
1282,2,68
1283,5,32
1284,2,60
1285,5,55
1286,2,23
1287,5,66
1288,5,92
1289,5,85
1290,5,87
1291,5,113
1292,2,55
1293,5,48
1294,1,22
1295,2,5
1296,2,25
1297,0,6
1298,2,71
1299,2,31
1300,1,31
1301,5,6
1302,5,107
1303,2,48
1304,2,38
1305,5,104
1306,2,26
1307,6,31
1308,2,20
1309,2,43
1310,2,27
1311,2,24
1312,5,80
1313,1,34
1314,7,26
1315,2,44
1316,2,32
1317,6,21
1318,1,41
1319,7,27
1320,1,64
1321,5,25
1322,2,90
1323,5,77
1324,2,40
1325,6,18
1326,2,2
1327,5,49
1328,6,20
1329,5,136
1330,5,122
1331,5,146
1332,1,42
1333,7,33
1334,5,100
1335,5,128
1336,5,55
1337,5,36
1338,2,68
1339,5,100
1340,5,63
1341,5,123
1342,2,10
1343,2,37
1344,5,91
1345,2,97
1346,5,5
1347,2,74
1348,2,37
1349,1,42
1350,2,33
1351,5,67
1352,5,234
1353,2,3
1354,2,5
1355,2,37
1356,2,20
1357,1,31
1358,1,77
1359,5,84
1360,6,37
1361,5,137
1362,2,3
1363,7,21
1364,2,12
1365,5,42
1366,2,66
1367,5,166
1368,2,10
1369,5,53
1370,5,112
1371,7,37
1372,2,7
1373,2,73
1374,1,42
1375,5,74
1376,5,182
1377,5,190
1378,7,32
1379,2,51
1380,5,85
1381,2,27
1382,2,41
1383,5,4
1384,2,12
1385,2,15
1386,2,1
1387,0,9
1388,5,84
1389,5,46
1390,5,193
1391,5,175
1392,2,37
1393,5,53
1394,2,2
1395,2,2
1396,2,54
1397,1,16
1398,5,44
1399,5,178
1400,1,22
1401,5,12
1402,5,74
1403,2,9
1404,2,50
1405,5,50
1406,2,31
1407,5,37
1408,1,34
1409,5,106
1410,6,21
1411,5,10
1412,2,22
1413,2,60
1414,2,8
1415,2,30
1416,5,111
1417,2,5
1418,2,21
1419,5,24
1420,5,148
1421,6,24
1422,1,14
1423,2,61
1424,7,19
1425,1,34
1426,2,64
1427,1,66
1428,2,29
1429,2,38
1430,2,2
1431,5,220
1432,2,55
1433,6,23
1434,5,15
1435,2,56
1436,2,30
1437,5,56
1438,2,34
1439,5,21
1440,5,28
1441,5,16
1442,5,5
1443,2,9
1444,2,32
1445,6,9
1446,1,36
1447,5,142
1448,2,52
1449,5,90
1450,4,23
1451,2,31
1452,7,34
1453,2,28
1454,2,52
1455,2,5
1456,5,132
1457,5,62
1458,5,33
1459,2,102
1460,5,46
1461,6,8
1462,2,84
1463,5,10
1464,1,26
1465,3,108
1466,2,1
1467,5,124
1468,7,31
1469,2,57
1470,5,71
1471,5,169
1472,2,90
1473,2,54
1474,2,4
1475,2,72
1476,5,5
1477,4,9
1478,2,17
1479,2,84
1480,5,93
1481,2,17
1482,2,49
1483,5,96
1484,5,22
1485,5,47
1486,0,5
1487,1,63
1488,5,135
1489,2,22
1490,1,9
1491,5,125
1492,2,13
1493,7,26
1494,6,26
1495,2,67
1496,2,48
1497,2,29
1498,5,6
1499,2,12
1500,2,29
1501,5,18
1502,2,70
1503,2,28
1504,2,58
1505,4,59
1506,1,8
1507,2,37
1508,2,33
1509,5,131
1510,2,4
1511,6,30
1512,1,34
1513,5,52
1514,1,35
1515,2,69
1516,5,159
1517,5,36
1518,5,14
1519,5,33
1520,5,117
1521,5,6
1522,5,156
1523,5,69
1524,5,41
1525,2,57
1526,1,22
1527,5,12
1528,5,70
1529,2,42
1530,5,105
1531,2,22
1532,5,39
1533,7,35
1534,4,33
1535,5,64
1536,2,82
1537,5,19
1538,5,72
1539,5,79
1540,5,69
1541,2,33
1542,5,55
1543,1,33
1544,5,15
1545,1,43
1546,2,3
1547,5,122
1548,7,38
1549,1,49
1550,2,38
1551,5,171
1552,5,7
1553,6,37
1554,5,160
1555,6,35
1556,5,25
1557,5,151
1558,2,2
1559,5,186
1560,2,1
1561,5,25
1562,2,10
1563,5,112
1564,5,16
1565,1,44
1566,2,20
1567,6,33
1568,7,29
1569,2,48
1570,5,124
1571,5,60
1572,5,43
1573,2,89
1574,1,67
1575,2,20
1576,2,66
1577,3,170
1578,2,36
1579,6,5
1580,5,83
1581,2,1
1582,2,41
1583,2,97
1584,5,211
1585,5,20
1586,2,3
1587,2,53
1588,6,23
1589,5,205
1590,5,88
1591,2,95
1592,2,25
1593,6,32
1594,5,16
1595,2,39
1596,2,77
1597,5,112
1598,5,136
1599,2,11
1600,5,117
1601,7,32
1602,1,12
1603,5,145
1604,5,148
1605,5,90
1606,1,31
1607,2,5
1608,5,117
1609,5,92
1610,5,179
1611,2,72
1612,5,190
1613,5,182
1614,5,71
1615,6,24
1616,1,50
1617,5,117
1618,5,24
1619,5,114
1620,5,128
1621,5,189
1622,5,177
1623,5,100
1624,2,35
1625,1,25
1626,5,37
1627,2,3
1628,2,82
1629,7,22
1630,2,67
1631,1,9
1632,5,79
1633,2,23
1634,2,38
1635,2,34
1636,2,77
1637,5,99
1638,2,34
1639,5,78
1640,2,8
1641,6,14
1642,4,28
1643,5,100
1644,5,69
1645,1,56
1646,2,18
1647,2,50
1648,7,25
1649,2,35
1650,2,21
1651,5,4
1652,5,81
1653,5,74
1654,2,7
1655,2,56
1656,4,34
1657,1,5
1658,2,19
1659,5,82
1660,1,24
1661,2,80
1662,5,146
1663,5,235
1664,2,6
1665,5,127
1666,4,36
1667,2,27
1668,5,122
1669,5,137
1670,5,11
1671,1,32
1672,2,25
1673,1,40
1674,5,25
1675,5,117
1676,6,16
1677,1,36
1678,5,18
1679,1,27
1680,2,61
1681,2,25
1682,2,38
1683,5,123
1685,5,93
1686,2,35
1687,6,43
1688,5,95
1689,5,124
1690,2,2
1691,2,60
1692,1,50
1693,2,3
1694,1,34
1695,1,30
1696,2,12
1697,5,8
1698,6,19
1699,2,42
1700,5,17
1701,6,7
1702,5,45
1703,2,70
1704,2,25
1705,6,27
1706,2,42
1707,5,185
1708,6,10
1709,2,62
1710,5,15
1711,2,5
1712,5,105
1713,2,4
1714,5,187
1715,2,65
1716,2,60
1717,5,139
1718,3,155
1719,6,19
1720,2,49
1721,5,115
1722,5,56
1723,5,49
1724,5,59
1725,2,51
1726,4,21
1727,2,32
1728,2,32
1729,2,80
1730,5,226
1731,2,8
1732,2,48
1733,7,38
1734,5,49
1735,5,109
1736,5,156
1737,5,79
1738,2,26
1739,2,14
1740,1,37
1741,5,104
1742,2,79
1743,2,26
1744,1,37
1745,2,19
1746,5,202
1747,7,22
1748,2,13
1749,2,13
1750,5,126
1751,2,50
1752,5,115
1753,5,82
1754,5,57
1755,2,2
1756,2,16
1757,5,131
1758,4,27
1759,2,6
1760,2,3
1761,5,121
1762,2,4
1763,1,32
1764,2,25
1765,5,66
1766,1,40
1767,1,36
1768,5,209
1769,5,25
1770,2,47
1771,5,20
1772,5,61
1773,1,23
1774,5,40
1775,5,8
1776,1,5
1777,1,5
1778,1,38
1779,5,22
1780,5,20
1781,2,26
1782,5,67
1783,2,121
1784,7,17
1785,2,30
1786,2,97
1787,7,38
1788,2,10
1789,5,103
1790,1,38
1791,5,131
1792,4,6
1793,5,145
1794,2,57
1795,5,89
1796,5,71
1797,5,5
1798,7,34
1799,5,152
1800,5,245
1801,1,23
1802,7,12
1803,6,25
1804,5,195
1805,5,22
1806,6,32
1807,2,51
1808,1,14
1809,5,113
1810,5,102
1811,5,63
1812,2,44
1813,5,156
1814,2,10
1815,2,24
1816,5,131
1817,5,15
1818,2,30
1819,5,88
1820,2,67
1821,5,27
1822,5,12
1823,5,127
1824,2,58
1825,6,29
1826,5,102
1827,5,201
1828,2,56
1829,2,16
1830,2,16
1831,2,42
1832,5,46
1833,5,191
1834,2,1
1835,5,182
1836,5,25
1837,7,38
1838,6,6
1839,5,165
1840,2,10
1841,2,49
1842,5,119
1843,5,40
1844,1,70
1845,5,101
1846,5,38
1847,2,26
1848,2,36
1849,5,119
1850,2,29
1851,5,42
1852,5,22
1853,1,12
1854,2,2
1855,2,6
1856,5,4
1857,2,73
1858,5,29
1859,2,46
1860,5,17
1861,5,99
1862,2,54
1863,5,49
1864,5,107
1865,5,8
1866,6,31
1867,5,123
1868,5,121
1869,2,15
1870,1,23
1871,2,82
1872,2,50
1873,2,41
1874,5,13
1875,2,28
1876,2,56
1877,5,64
1878,1,35
1879,5,150
1880,7,32
1881,1,53
1882,1,51
1883,5,18
1884,2,32
1885,2,28
1886,5,105
1887,2,11
1888,5,254
1889,2,15
1890,2,6
1891,5,71
1892,7,12
1893,2,83
1894,2,63
1895,7,37
1896,2,9
1897,2,36
1898,5,101
1899,2,79
1900,5,26
1901,2,14
1902,5,130
1903,2,40
1904,2,30
1905,5,11
1906,2,22
1907,2,30
1908,6,10
1909,5,41
1910,2,31
1911,5,39
1926,3,134
1932,3,95
1939,3,79
1945,3,146
1951,9,64
1955,3,92
1972,9,70
1973,9,65
1976,9,39
1991,9,49
1995,9,63
1998,9,54
2001,9,60
2004,9,50
2007,3,171
2009,9,45
2018,9,55
2024,9,53
2027,9,44
2032,3,147
2038,3,123
2039,3,112
2042,3,96
2054,3,163
2068,3,141
2071,3,123
2072,3,129
2081,3,172
2102,3,132
2111,3,184
2116,9,65
2117,3,142
2127,3,112
2128,3,92
2133,3,159
2135,3,88
2138,3,138
2143,3,102
2153,3,139
2157,9,39
2171,9,66
2174,3,120
2180,3,114
2183,3,134
2187,3,148
2189,3,113
2199,3,175
2203,3,100
2223,3,116
2224,3,129
2225,9,42
2247,3,122
2250,3,109
2254,3,90
2264,3,75
2267,3,83
2268,3,130
2279,3,129
2283,3,161
2284,9,56
2289,3,160
2292,3,142
2302,3,123
2319,3,122
2327,3,125
2336,3,150
2337,9,35
2364,9,65
2378,9,50
2384,3,188
2398,3,108
2417,3,70
2436,3,94
2445,3,70
2447,9,49
2451,3,109
2458,3,99
2459,9,46
2461,3,124
2463,3,126
2471,3,132
2472,3,77
2475,3,97
2491,3,121
2494,9,39
2498,3,94
2502,3,43
2508,3,98
2510,3,138
2511,3,140
2529,3,36
2533,3,99
2538,9,56
2543,10,294
2547,3,54
2571,3,30
2583,9,46
2589,3,79
2598,3,164
2617,3,114
2629,3,127
2635,3,20
2636,9,38
2640,9,56
2643,3,100
2647,9,48
2649,3,122
2653,3,72
2660,9,38
2704,0,2
2740,0,2
427,1,9
464,1,5
549,1,7
351,1,5
364,1,9
393,1,7
399,1,8
441,1,8
476,1,6
501,1,8
564,1,9
349,1,5
350,1,21
352,1,23
354,1,26
355,1,39
356,1,3
357,1,18
358,1,1
359,1,26
360,1,43
361,1,23
362,1,19
365,1,6
367,1,32
368,1,34
369,1,26
370,1,71
371,1,5
372,1,17
373,1,94
374,1,68
375,1,17
377,1,2
378,1,62
379,1,2
380,1,11
381,1,12
382,1,12
383,1,3
384,1,4
385,1,8
386,1,3
387,1,36
388,1,38
390,1,6
391,1,61
392,1,39
394,1,36
395,1,77
396,1,27
397,1,47
398,1,33
400,1,73
401,1,2
402,1,57
403,1,20
404,1,51
405,1,11
406,1,4
407,1,15
408,1,55
409,1,34
410,1,15
411,1,3
412,1,99
413,1,17
415,1,26
416,1,21
417,1,62
418,1,23
419,1,57
421,1,25
422,1,60
423,1,57
424,1,17
425,1,19
426,1,18
429,1,10
430,1,38
431,1,71
432,1,55
433,1,10
434,1,33
435,1,10
436,1,60
437,1,10
438,1,71
439,1,43
440,1,14
442,1,12
443,1,2
444,1,47
445,1,27
446,1,18
447,1,1
448,1,3
449,1,10
450,1,22
451,1,25
452,1,42
453,1,5
454,1,3
455,1,37
456,1,61
457,1,20
458,1,26
459,1,10
460,1,66
461,1,53
462,1,19
463,1,43
465,1,78
466,1,9
467,1,4
468,1,2
469,1,22
470,1,16
471,1,31
472,1,5
473,1,32
474,1,20
477,1,12
478,1,8
479,1,37
480,1,7
481,1,27
482,1,34
485,1,5
486,1,16
487,1,33
488,1,28
489,1,24
490,1,13
491,1,11
492,1,65
493,1,56
494,1,23
495,1,23
496,1,40
497,1,83
498,1,6
499,1,3
500,1,83
502,1,11
503,1,58
504,1,43
505,1,13
506,1,72
507,1,65
508,1,16
509,1,15
510,1,26
511,1,30
512,1,29
513,1,89
514,1,64
515,1,61
516,1,20
518,1,19
519,1,25
520,1,50
521,1,15
522,1,11
523,1,43
524,1,64
525,1,69
527,1,46
528,1,13
529,1,9
530,1,4
531,1,40
532,1,10
533,1,6
534,1,8
535,1,12
536,1,22
537,1,40
539,1,22
540,1,8
541,1,10
542,1,58
543,1,21
544,1,67
545,1,46
546,1,30
547,1,32
548,1,32
550,1,1
551,1,17
552,1,4
553,1,85
554,1,18
555,1,38
556,1,48
557,1,37
558,1,20
559,1,83
560,1,30
561,1,81
562,1,5
565,1,20
567,1,63
568,1,12
569,1,15
570,1,35
571,1,3
572,1,4
591,1,46
656,1,3
669,1,34
604,1,35
645,1,29
646,1,13
666,1,18
683,1,33
587,1,10
590,1,14
614,1,32
634,1,16
680,1,27
586,1,7
610,1,5
652,1,4
673,1,4
676,1,18
620,1,20
574,1,11
630,1,39
678,1,26
593,1,5
609,1,30
573,1,32
575,1,12
576,11,14
577,11,22
578,11,24
579,1,39
581,1,2
582,11,21
583,11,25
584,1,15
585,1,1
588,1,14
589,1,21
592,1,41
594,12,8
595,11,19
597,1,22
598,1,16
599,11,23
600,11,24
602,1,1
603,1,18
605,1,18
607,1,1
608,1,1
611,1,16
612,1,15
613,1,1
615,11,24
616,1,19
617,1,25
618,1,24
619,1,26
621,1,7
622,1,13
623,1,17
624,1,1
625,1,21
626,1,14
627,11,24
628,11,12
631,1,11
632,11,22
633,1,15
635,11,22
636,1,25
638,1,1
639,1,11
640,11,23
642,1,2
643,11,24
644,1,25
647,11,19
648,1,2
650,11,22
653,1,28
654,1,33
655,1,6
657,1,7
658,11,24
659,11,24
660,1,3
661,11,24
662,11,24
663,1,9
664,1,17
665,11,18
667,1,3
668,1,1
670,11,23
671,1,5
672,1,8
674,1,1
675,11,23
677,1,22
679,1,7
681,11,23
682,1,13
684,1,20
685,1,17
1967,1,2
3437,13,547
3454,13,14
3487,13,10
3723,13,8
3861,13,16
3961,13,7
3980,12,59
3989,12,6
4011,12,4
4031,12,11
686,14,170
687,14,28
688,14,45
689,14,8
690,14,9
691,14,6
692,14,1
693,14,14
694,14,54
695,14,41
696,14,31
697,14,52
698,14,68
699,14,2
700,14,7
701,14,21
702,14,8
703,14,43
704,14,5
705,14,69
706,14,18
707,14,10
708,14,29
709,14,17
710,14,8
711,14,20
712,14,13
713,14,71
714,14,14
715,14,10
716,14,12
717,14,4
718,14,30
719,14,64
720,14,18
721,14,5
722,14,14
723,14,12
724,14,47
725,14,8
726,14,36
727,14,26
728,14,38
729,14,13
730,14,15
731,14,26
732,14,14
733,14,8
734,14,23
735,14,5
736,14,14
737,14,16
738,14,25
739,14,29
740,14,8
741,14,17
742,14,12
743,14,3
744,14,2
745,14,57
746,14,9
747,14,57
748,14,19
749,14,2
750,14,2
751,14,12
752,14,38
753,14,13
754,14,30
755,14,19
756,14,10
757,14,4
758,14,20
759,14,10
760,14,30
761,14,8
762,14,13
763,14,14
764,14,28
765,14,14
766,14,35
767,14,8
768,14,14
769,14,15
770,14,27
771,14,15
772,14,18
773,14,36
774,14,37
775,14,2
776,14,9
777,14,18
778,14,16
779,14,18
780,14,34
781,14,52
782,14,13
783,14,18
784,14,40
785,14,3
786,14,9
787,14,29
788,14,4
789,14,13
790,14,4
791,14,7
792,14,23
793,14,20
794,14,14
795,14,18
796,14,7
797,14,26
798,14,7
799,14,12
800,14,37
801,14,1
802,14,5
803,14,20
804,14,16
805,14,66
806,14,15
807,14,20
808,14,9
809,14,18
810,14,32
811,14,9
812,14,8
813,14,10
814,14,26
815,14,39
816,14,9
817,14,24
818,14,16
819,14,37
820,14,38
821,14,9
822,14,15
823,14,56
824,14,58
825,14,6
826,14,11
827,14,45
828,14,79
829,14,34
830,14,55
831,14,15
832,14,4
833,14,15
834,14,43
835,14,20
836,14,12
837,14,13
838,14,22
839,14,15
840,14,27
841,14,2
842,14,37
843,14,13
844,14,14
845,14,23
846,14,6
847,14,27
848,14,21
849,14,30
850,14,10
851,14,4
852,14,4
853,14,44
854,14,3
855,14,4
856,14,39
890,14,7
857,13,12
858,14,5
859,14,2
860,14,2
861,14,10
862,13,24
863,14,11
864,14,5
865,13,4
866,14,5
867,14,8
868,13,4
869,14,7
870,14,7
871,14,7
872,14,7
873,14,6
874,14,7
875,14,1
876,14,11
877,14,4
878,14,10
879,14,6
880,14,8
881,14,7
882,14,8
883,14,1
884,14,4
885,14,9
886,14,8
887,14,6
888,14,9
889,14,13
891,14,1
892,14,1
893,14,4
894,14,4
895,14,6
3456,13,51
3495,13,56
3586,13,44
3621,13,11
3626,13,8
3797,13,43
3501,13,50
3517,13,17
3550,13,19
3577,13,52
3592,13,13
3609,13,27
3633,13,65
3677,13,50
3684,13,67
3721,13,30
3779,13,19
3872,13,14
3948,13,59
2678,4,9
2760,4,11
2822,4,14
2883,4,15
2941,4,11
2968,4,13
3005,4,43
3057,4,17
3136,4,62
3164,4,10
3222,4,15
3245,4,14
3248,4,31
3263,4,58
3278,4,19
3328,4,18
3361,4,14
3440,13,26
3525,13,36
3540,13,34
3556,13,13
3561,13,14
3651,13,32
3674,13,38
3692,13,38
3741,13,18
3750,13,29
3756,13,61
3830,13,108
3851,13,59
3877,13,55
3886,13,29
3943,13,25
3962,13,39
2677,4,15
2826,4,10
2724,4,70
2752,4,7
2775,4,27
2869,4,70
2892,4,29
2962,4,19
3001,4,35
3019,4,70
3100,4,34
3162,4,57
3168,4,48
3233,4,63
3295,4,46
3304,15,35
3331,4,36
3366,4,62
3404,4,18
3406,4,70
3412,4,45
2813,4,27
2971,4,4
3034,4,43
3178,4,25
3410,4,16
3420,4,23
2976,4,41
3011,4,42
3179,4,68
3289,4,19
1920,3,123
1941,3,223
1948,3,108
1959,3,120
2028,3,106
2047,3,205
2053,3,115
2065,3,26
2087,3,156
2125,3,121
2132,3,94
2134,3,85
2148,3,90
2149,3,128
2169,3,109
2191,3,88
2194,3,109
2196,3,110
2198,3,55
2239,3,44
2266,10,234
2282,3,154
2285,3,55
2293,3,54
2315,3,73
2328,3,166
2332,3,103
2333,3,160
2338,3,109
2347,10,291
2351,3,110
2368,3,79
2372,3,105
2385,3,57
2399,3,77
2420,3,81
2496,3,22
2501,3,76
2509,3,134
2512,3,105
2516,3,88
2530,3,29
2542,10,196
2555,3,135
2567,3,116
2592,3,125
2597,3,105
2608,3,99
2642,3,127
2725,4,8
2734,4,26
2764,4,25
2964,4,18
3020,4,37
3062,4,32
3079,4,39
3165,4,7
3205,4,15
3258,4,47
3386,4,52
3409,4,16
2693,4,18
2979,4,18
3101,4,122
3265,4,48
3385,4,53
1913,3,19
1916,3,79
1940,3,93
1947,3,120
1954,3,93
1994,3,64
2002,3,85
2010,3,84
2026,3,96
2052,3,106
2062,3,76
2101,3,71
2137,3,49
2144,3,78
2151,3,86
2163,3,31
2176,3,117
2215,3,58
2241,3,119
2246,3,95
2273,3,91
2294,3,122
2295,3,23
2298,3,17
2343,3,79
2344,3,121
2355,3,30
2377,3,94
2389,3,28
2394,3,95
2413,3,17
2419,3,109
2465,3,60
2468,10,177
2519,3,35
2544,3,30
2582,3,101
2588,3,91
2594,3,94
2605,3,17
2609,3,49
2616,3,100
2903,4,8
2938,4,20
2999,4,30
3201,4,92
3319,4,26
3355,4,54
3097,4,41
2707,4,15
3111,4,52
3186,4,23
2661,4,99
2662,4,37
2663,15,26
2664,15,83
2665,4,50
2666,15,61
2667,4,20
2668,4,34
2669,15,97
2670,16,19
2671,4,6
2672,4,37
2673,15,29
2674,4,70
2675,4,38
2676,15,83
2679,15,93
2680,15,53
2681,15,45
2682,4,16
2683,15,78
2684,4,28
2685,4,12
2686,4,24
2687,4,21
2688,4,11
2689,15,67
2690,4,31
2691,4,3
2692,4,5
2694,15,93
2695,15,11
2696,4,19
2697,4,16
2698,15,69
2699,16,13
2700,4,15
2701,4,26
2702,4,24
2703,16,18
2705,15,27
2706,15,67
2708,4,34
2709,4,12
2710,15,13
2711,4,31
2712,4,44
2713,4,31
2714,4,3
2715,4,32
2716,4,95
2717,15,54
2718,4,37
2719,4,100
2720,4,49
2721,4,6
2722,4,3
2723,4,12
2726,15,17
2727,4,13
2728,4,38
2729,15,63
2730,4,89
2731,15,29
2732,4,8
2733,4,24
2735,4,19
2736,4,5
2737,4,21
2738,15,83
2739,4,31
2741,15,57
2742,4,116
2743,15,51
2744,4,13
2745,15,33
2746,15,15
2747,4,13
2748,4,75
2749,15,53
2750,15,85
2751,4,35
2753,4,52
2754,15,122
2755,15,89
2756,15,45
2757,15,83
2758,4,46
2759,15,22
2761,15,28
2762,4,21
2763,15,63
2765,4,47
2766,15,13
2767,16,6
2768,4,28
2769,15,12
2770,4,41
2771,4,14
2772,4,34
2773,15,57
2774,4,6
2776,4,6
2777,15,83
2778,4,95
2779,4,19
2780,4,59
2781,4,66
2782,15,98
2783,4,33
2784,4,28
2785,4,44
2786,15,102
2787,4,49
2788,4,2
2789,15,19
2790,4,9
2791,4,12
2792,4,3
2793,4,99
2794,15,19
2795,4,24
2796,4,60
2797,4,27
2798,15,3
2799,4,8
2800,15,82
2801,4,10
2802,4,10
2803,4,22
2804,4,9
2805,4,8
2806,15,50
2807,15,22
2808,4,3
2809,15,19
2810,15,58
2811,4,7
2812,4,25
2815,15,57
2816,4,11
2817,4,5
2818,4,16
2819,4,24
2820,4,15
2821,15,13
2823,4,38
2824,4,6
2825,4,20
2827,15,75
2828,4,78
2829,4,28
2830,4,22
2831,4,18
2832,4,30
2833,4,82
2834,16,9
2835,15,44
2836,4,31
2837,15,14
2839,15,137
2840,4,33
2841,4,31
2842,4,1
2843,4,29
2844,4,29
2845,4,26
2846,4,27
2847,4,12
2848,4,21
2849,4,81
2850,15,33
2851,15,22
2852,15,11
2853,4,62
2854,15,36
2855,4,4
2856,4,18
2857,4,2
2858,4,17
2859,4,20
2860,4,3
2861,4,11
2862,15,71
2863,4,104
2864,15,75
2865,4,39
2866,15,78
2867,15,80
2868,4,21
2870,4,22
2871,4,42
2872,15,76
2873,15,73
2874,15,47
2875,4,52
2876,4,14
2877,15,104
2878,4,11
2879,16,16
2880,15,66
2881,4,45
2882,4,10
2884,15,6
2886,4,10
2887,15,40
2888,15,15
2889,16,19
2890,15,88
2891,15,22
2893,4,8
2894,4,61
2895,4,9
2896,15,50
2897,15,54
2898,4,8
2899,15,6
2900,4,11
2901,4,77
2902,4,7
2904,4,72
2905,15,74
2906,15,92
2907,15,32
2908,15,27
2909,15,77
2910,15,83
2911,15,69
2912,15,61
2913,15,75
2914,4,41
2915,15,91
2916,15,87
2917,15,18
2918,4,20
2919,15,70
2920,15,74
2921,4,40
2922,4,3
2923,4,16
2924,15,40
2925,15,79
2926,4,10
2927,15,92
2928,15,86
2929,15,48
2930,4,8
2931,15,53
2932,4,40
2933,4,14
2934,4,20
2935,4,12
2936,4,60
2937,4,63
2939,4,69
2940,15,64
2942,4,10
2943,15,82
2944,15,106
2945,15,54
2946,15,59
2947,4,17
2948,15,21
2949,4,20
2950,4,48
2951,4,102
2952,15,3
2953,15,34
2954,4,13
2955,4,44
2956,15,96
2957,4,14
2958,4,42
2959,16,17
2960,15,92
2961,15,11
2963,15,4
2965,4,17
2966,15,107
2967,15,22
2969,15,71
2970,4,44
2972,16,17
2973,4,73
2974,15,59
2975,4,3
2977,15,33
2978,15,25
2980,4,5
2981,15,23
2982,16,15
2983,4,17
2984,4,24
2985,15,60
2986,15,100
2987,15,27
2988,15,63
2989,4,58
2990,4,13
2991,4,61
2992,4,72
2993,15,56
2994,15,65
2995,4,15
2996,4,39
2997,4,14
2998,4,3
3000,15,91
3002,4,72
3004,15,53
3006,4,2
3007,4,24
3008,16,16
3009,4,19
3010,15,32
3012,4,11
3013,4,24
3014,15,43
3015,4,10
3016,4,29
3017,4,70
3018,4,30
3021,4,50
3022,15,80
3023,15,35
3024,4,14
3025,15,54
3026,15,96
3027,4,66
3028,4,12
3029,15,52
3030,15,8
3031,4,1
3032,4,22
3033,15,88
3035,4,90
3036,15,38
3037,4,3
3038,4,88
3039,4,22
3040,15,51
3041,4,27
3042,15,20
3043,4,17
3044,15,6
3045,15,8
3046,4,37
3047,15,50
3048,4,15
3049,4,76
3050,4,16
3051,4,101
3052,15,50
3053,4,10
3054,15,83
3055,4,6
3056,15,78
3058,4,15
3059,15,5
3060,4,78
3061,4,14
3063,4,11
3064,15,64
3065,15,53
3066,4,14
3067,4,13
3068,4,16
3069,4,16
3070,4,62
3071,4,1
3072,4,46
3073,15,62
3074,4,6
3075,4,23
3076,4,86
3077,4,55
3078,15,99
3080,15,28
3081,4,25
3082,4,116
3083,4,10
3084,15,76
3085,15,52
3086,4,37
3087,4,51
3088,4,10
3089,4,52
3090,15,108
3091,4,6
3092,15,11
3093,4,16
3094,4,7
3095,15,15
3096,15,76
3098,15,65
3099,4,10
3102,4,49
3103,4,20
3104,15,83
3105,4,12
3106,4,62
3107,4,51
3108,15,63
3109,4,18
3110,4,17
3112,4,12
3113,4,68
3114,15,46
3115,4,61
3116,4,103
3117,15,63
3118,4,44
3119,15,69
3120,4,71
3121,4,4
3122,4,9
3123,15,33
3124,4,30
3125,4,2
3126,4,8
3127,4,6
3128,4,10
3129,15,35
3130,15,13
3131,4,8
3132,4,84
3133,4,10
3134,4,2
3135,15,35
3137,15,49
3138,4,19
3139,15,21
3140,4,71
3141,4,11
3142,15,56
3143,15,4
3144,4,16
3145,4,69
3146,4,61
3147,4,5
3148,4,30
3149,15,66
3150,4,89
3151,4,14
3152,4,85
3153,15,11
3154,4,91
3155,4,12
3156,4,13
3157,4,15
3158,15,52
3159,4,7
3160,4,30
3161,4,6
3163,15,23
3166,15,38
3167,4,17
3169,4,61
3170,4,25
3171,4,19
3172,4,72
3174,15,74
3175,4,6
3176,4,27
3177,4,41
3180,4,8
3181,4,8
3182,4,68
3183,4,1
3184,15,61
3185,4,80
3187,4,34
3188,4,51
3189,4,19
3190,4,12
3191,4,40
3192,4,16
3193,15,27
3194,4,17
3195,15,72
3196,4,40
3197,4,8
3198,4,86
3199,4,22
3200,4,11
3202,15,11
3203,4,31
3204,4,47
3206,4,51
3207,4,41
3208,4,15
3209,4,24
3210,4,14
3211,4,25
3212,4,35
3213,15,36
3214,4,63
3215,4,25
3216,4,7
3217,4,6
3218,4,9
3219,4,39
3220,15,54
3221,4,26
3223,4,23
3224,4,55
3225,4,28
3226,15,79
3227,15,5
3228,15,36
3229,15,14
3230,4,1
3231,15,28
3232,15,105
3234,15,33
3235,4,8
3236,4,21
3237,15,28
3238,15,41
3239,4,62
3240,4,66
3241,4,19
3242,4,15
3243,15,27
3244,4,14
3246,4,14
3247,4,66
3249,4,14
3250,15,34
3251,4,9
3252,4,86
3253,4,51
3254,4,12
3255,4,32
3256,4,63
3257,15,42
3259,4,31
3260,4,28
3261,4,54
3262,4,24
3264,4,31
3266,4,8
3267,4,72
3268,4,2
3269,15,9
3270,4,6
3271,4,5
3272,4,44
3273,4,26
3274,4,63
3275,4,29
3276,4,20
3277,4,71
3279,4,25
3280,4,107
3281,4,12
3282,4,2
3283,16,16
3284,15,70
3285,4,27
3286,15,23
3287,4,48
3288,4,48
3291,4,119
3292,4,12
3293,15,60
3294,15,23
3296,4,41
3297,4,63
3298,4,45
3299,4,60
3300,15,18
3301,15,40
3302,4,67
3303,15,36
3305,4,5
3306,4,22
3307,4,19
3308,4,9
3309,16,18
3310,4,5
3311,16,11
3312,4,17
3313,4,32
3314,16,16
3315,15,14
3316,4,39
3317,15,7
3318,16,20
3320,4,113
3321,4,69
3322,4,8
3323,4,7
3324,15,87
3325,16,19
3326,4,16
3327,4,50
3329,4,19
3330,4,93
3332,4,62
3333,15,7
3334,4,9
3335,4,65
3336,4,7
3337,4,24
3338,4,9
3339,15,73
3340,4,16
3341,4,31
3342,4,68
3343,4,14
3344,4,76
3345,4,65
3346,4,35
3347,4,76
3348,15,84
3349,4,12
3350,4,82
3351,4,84
3352,4,13
3353,4,62
3354,4,9
3356,4,20
3357,4,15
3358,4,11
3359,4,18
3360,4,74
3362,15,75
3363,15,131
3364,15,49
3365,4,46
3367,4,11
3368,4,9
3369,4,43
3370,4,6
3371,4,15
3372,4,7
3373,4,17
3374,4,16
3375,4,3
3376,4,8
3377,4,31
3378,4,60
3379,4,25
3380,4,21
3381,4,54
3382,16,17
3383,4,17
3384,15,49
3387,15,97
3388,15,10
3389,4,7
3390,15,25
3391,4,53
3392,15,17
3393,4,19
3394,15,31
3395,4,38
3396,4,76
3397,4,115
3398,4,8
3399,15,37
3400,15,35
3401,4,8
3402,4,15
3403,4,52
3405,4,13
3407,4,2
3408,4,2
3411,4,62
3413,15,3
3414,15,18
3415,4,29
3416,4,53
3417,15,89
3418,4,10
3419,4,63
3421,4,20
3422,4,40
3423,16,16
3424,4,7
3425,4,10
3426,15,113
3427,4,9
3428,15,8
3429,4,5
3430,15,21
3431,4,23
3432,4,6
3433,15,65
3434,4,107
3435,15,49
3436,15,7
2003,3,48
2031,3,53
2155,3,41
2185,3,17
2325,3,79
2330,3,48
1914,9,47
1915,3,11
1917,10,190
1918,10,161
1919,9,55
1921,9,40
1922,3,15
1923,3,56
1924,8,6
1925,10,125
1927,9,55
1928,9,23
1929,10,151
1930,3,13
1931,9,39
1933,3,11
1934,3,12
1935,9,50
1936,3,22
1937,3,4
1938,10,189
1942,10,39
1943,10,192
1944,3,29
1946,10,191
1949,3,8
1950,9,12
1952,3,17
1953,10,123
1956,3,8
1957,9,39
1958,9,34
1960,3,43
1961,3,7
1962,10,187
1963,10,86
1964,3,96
1965,3,20
1966,10,172
1968,9,35
1969,3,4
1970,3,72
1971,10,176
1974,3,7
1975,3,36
1977,3,9
1978,3,15
1979,10,176
1980,9,57
1981,3,55
1982,3,19
1983,10,199
1984,10,178
1985,10,224
1986,10,153
1987,3,36
1988,8,24
1989,10,87
1990,3,20
1992,8,15
1993,10,203
1996,3,4
1997,10,135
1999,9,34
2000,9,33
2005,10,155
2006,9,52
2008,3,7
2011,9,40
2012,9,15
2013,9,9
2014,9,10
2015,3,5
2016,9,18
2017,3,7
2019,10,19
2020,10,158
2021,10,31
2022,9,50
2023,3,25
2025,9,30
2029,3,34
2030,10,187
2033,10,173
2034,3,8
2035,3,30
2036,3,21
2037,10,173
2040,10,152
2041,3,8
2043,10,174
2044,10,25
2045,10,176
2046,10,123
2048,3,17
2049,3,37
2050,9,23
2051,3,9
2055,10,73
2056,10,115
2057,3,42
2058,10,76
2059,10,193
2060,10,106
2061,9,48
2063,10,141
2064,10,186
2066,3,9
2067,10,33
2069,10,168
2070,3,13
2073,10,195
2074,10,162
2075,3,48
2076,8,17
2077,10,126
2078,10,204
2079,3,1
2080,3,9
2082,3,18
2083,10,147
2084,10,141
2085,3,30
2086,10,136
2088,10,198
2089,3,23
2090,10,189
2091,3,34
2092,10,43
2093,10,177
2094,3,7
2095,10,154
2096,3,21
2097,9,38
2098,10,117
2099,3,16
2100,3,6
2103,10,184
2104,10,181
2105,3,11
2106,3,4
2107,3,37
2108,10,164
2109,10,135
2110,3,43
2112,10,160
2113,3,10
2114,3,15
2115,10,136
2118,10,188
2119,3,15
2120,3,23
2121,10,158
2122,10,146
2123,10,203
2124,10,169
2126,3,54
2129,3,38
2130,3,11
2131,10,198
2136,10,74
2139,10,178
2140,10,171
2141,3,24
2142,10,221
2145,3,43
2146,3,24
2147,10,41
2150,10,192
2152,3,18
2154,10,160
2156,3,27
2158,3,10
2159,9,48
2160,3,24
2161,3,82
2162,3,15
2164,10,92
2165,10,128
2166,3,9
2167,3,5
2168,3,3
2170,8,18
2172,10,193
2173,3,30
2175,3,8
2177,3,11
2178,3,3
2179,10,94
2181,3,17
2182,3,8
2184,10,186
2186,3,18
2188,10,194
2190,10,168
2192,9,41
2193,3,14
2195,3,1
2197,3,22
2200,10,173
2201,10,190
2202,9,49
2204,3,4
2205,3,14
2206,10,210
2207,8,22
2208,3,22
2209,3,36
2210,10,98
2211,3,54
2212,10,140
2213,10,103
2214,3,27
2216,10,133
2217,3,13
2218,10,205
2219,3,5
2220,10,195
2221,3,41
2222,3,46
2226,3,51
2227,3,7
2228,3,32
2229,10,207
2230,3,5
2231,3,36
2232,3,71
2233,10,222
2234,10,29
2235,3,70
2236,3,37
2237,10,124
2238,3,13
2240,10,201
2242,3,40
2243,3,59
2244,10,200
2245,3,7
2248,3,18
2249,3,19
2251,3,9
2252,3,10
2253,10,157
2255,8,10
2256,3,7
2257,10,155
2258,10,49
2259,3,55
2260,3,20
2261,10,129
2262,10,14
2263,3,7
2265,3,11
2269,3,1
2270,3,15
2271,10,180
2272,3,29
2274,3,35
2275,10,185
2276,10,154
2277,3,16
2278,10,174
2280,3,59
2281,3,9
2286,3,24
2287,10,68
2288,10,21
2290,10,184
2291,3,17
2296,3,34
2297,9,38
2299,10,155
2300,10,122
2301,3,10
2303,10,29
2304,3,66
2305,3,16
2306,10,113
2307,10,141
2308,10,156
2309,10,199
2310,3,23
2311,10,51
2312,3,16
2313,3,85
2314,3,19
2316,3,10
2317,3,36
2318,3,37
2320,8,16
2321,3,7
2322,3,46
2323,10,183
2324,10,197
2326,10,180
2329,10,124
2331,10,190
2334,10,139
2335,3,34
2339,10,182
2340,10,198
2341,3,26
2342,3,28
2345,3,52
2346,9,36
2348,10,151
2349,8,18
2350,10,28
2352,10,168
2353,10,86
2354,10,177
2356,10,172
2357,3,13
2358,3,6
2359,10,147
2360,3,12
2361,3,45
2362,3,25
2363,10,167
2365,9,55
2366,3,36
2367,3,50
2369,10,197
2370,10,158
2371,3,36
2373,3,12
2374,10,168
2375,3,6
2376,10,179
2379,3,36
2380,3,3
2381,10,176
2382,3,2
2383,10,24
2386,10,139
2387,10,50
2388,3,6
2390,3,49
2391,10,72
2392,10,92
2393,10,32
2395,10,179
2396,3,69
2397,3,35
2400,3,19
2401,8,21
2402,3,15
2403,3,17
2404,10,170
2405,3,20
2406,3,36
2407,10,89
2408,10,153
2409,10,178
2410,10,207
2411,3,32
2412,3,31
2414,10,183
2415,3,41
2416,3,37
2418,10,117
2421,3,8
2422,3,5
2423,10,165
2424,3,11
2425,3,36
2426,8,18
2427,10,25
2428,10,191
2429,10,86
2430,10,146
2431,3,5
2432,3,28
2433,10,147
2434,3,91
2435,9,27
2437,3,5
2438,3,68
2439,3,10
2440,3,34
2441,3,4
2442,10,3
2443,10,23
2444,8,16
2446,10,161
2448,3,33
2449,10,46
2450,3,12
2452,3,10
2453,3,14
2454,10,16
2455,3,16
2456,3,8
2457,3,1
2460,10,169
2462,10,96
2464,10,202
2466,8,11
2467,10,130
2469,10,135
2470,3,1
2473,3,49
2474,3,26
2476,10,36
2477,10,113
2478,10,93
2479,3,46
2480,3,27
2481,3,3
2482,10,160
2483,3,3
2484,10,126
2485,10,137
2486,8,18
2487,3,9
2488,3,39
2489,10,108
2490,8,15
2492,10,178
2493,3,6
2495,10,145
2497,3,25
2499,10,93
2500,10,181
2503,3,16
2504,10,151
2505,3,5
2506,10,124
2507,10,201
2513,8,15
2514,3,9
2515,8,13
2517,3,6
2518,3,48
2520,10,165
2521,10,141
2522,3,14
2523,3,17
2524,10,13
2525,3,35
2526,10,191
2527,3,4
2528,3,7
2531,3,23
2532,10,106
2534,3,18
2535,3,11
2536,10,63
2537,3,95
2539,10,140
2540,3,31
2541,3,2
2545,10,9
2546,10,144
2548,3,8
2549,10,161
2550,10,162
2551,10,158
2552,10,112
2553,10,173
2554,10,93
2556,10,131
2557,3,31
2558,3,22
2559,10,165
2560,10,201
2561,10,155
2562,3,14
2563,10,110
2564,10,188
2565,3,4
2566,3,26
2568,3,11
2569,3,1
2570,3,21
2572,3,19
2573,10,152
2574,10,103
2575,10,141
2576,10,45
2577,3,20
2578,10,164
2579,10,116
2580,3,6
2581,3,24
2584,10,15
2585,9,40
2586,10,187
2587,3,19
2590,10,197
2591,10,96
2593,10,185
2595,3,3
2596,3,1
2599,3,14
2600,10,182
2601,10,190
2602,10,198
2603,3,68
2604,10,196
2606,10,75
2607,10,195
2610,3,51
2611,10,207
2612,3,28
2613,10,31
2614,3,17
2615,10,185
2618,3,23
2619,10,164
2620,9,55
2621,3,6
2622,8,21
2623,10,130
2624,10,188
2625,10,186
2626,9,34
2627,9,41
2628,3,28
2630,10,173
2631,10,116
2632,3,7
2633,9,41
2634,3,5
2637,3,35
2638,10,166
2639,9,37
2641,3,19
2644,3,27
2645,9,54
2646,10,135
2648,9,48
2650,8,18
2651,3,7
2652,3,49
2654,10,151
2655,10,168
2656,3,16
2657,9,52
2658,9,36
2659,9,58
3438,13,24
3439,13,9
3441,13,6
3442,13,45
3443,13,22
3444,13,5
3445,13,7
3446,13,11
3447,13,6
3448,13,47
3449,13,45
3450,13,18
3451,13,1
3452,13,16
3453,13,1
3455,13,38
3457,13,6
3458,13,20
3459,13,15
3460,13,28
3461,13,8
3462,13,20
3463,13,24
3464,13,31
3465,13,16
3466,13,26
3467,13,3
3468,13,29
3469,13,28
3470,13,16
3471,13,25
3472,13,15
3473,13,17
3474,13,18
3475,13,32
3476,13,15
3477,13,6
3478,13,17
3479,13,15
3480,13,25
3481,13,14
3482,13,13
3483,13,13
3484,13,15
3485,13,19
3486,13,30
3488,13,47
3489,13,5
3490,13,15
3491,13,23
3492,13,9
3493,13,19
3494,13,4
3496,13,19
3497,13,24
3498,13,18
3499,13,21
3500,13,20
3502,13,8
3503,13,13
3504,13,8
3505,13,25
3506,13,48
3507,13,9
3508,13,24
3509,13,22
3510,13,20
3511,13,22
3512,13,13
3513,13,6
3514,13,41
3515,13,11
3516,13,14
3518,13,33
3519,13,17
3520,13,10
3521,13,58
3522,13,9
3523,13,14
3524,13,16
3526,13,30
3527,13,23
3528,13,36
3529,13,35
3530,13,8
3531,13,9
3532,13,15
3533,13,15
3534,13,23
3535,13,19
3536,13,11
3537,13,4
3538,13,20
3539,13,10
3541,13,12
3542,13,33
3543,13,10
3544,13,5
3545,13,83
3546,13,16
3547,13,13
3548,13,8
3549,13,15
3551,13,9
3552,13,7
3553,13,33
3554,13,21
3555,13,20
3557,13,31
3558,13,38
3559,13,27
3560,13,3
3562,13,15
3563,13,17
3564,13,17
3565,13,4
3566,13,9
3567,13,14
3568,13,35
3569,13,26
3570,13,1
3571,13,17
3572,13,8
3573,13,22
3574,13,15
3575,13,3
3576,13,42
3578,13,24
3579,13,16
3580,13,9
3581,13,12
3582,13,3
3583,13,10
3584,13,49
3585,13,8
3587,13,17
3588,13,4
3589,13,2
3590,13,27
3591,13,19
3593,13,47
3594,13,12
3595,13,14
3596,13,86
3597,13,3
3598,13,11
3599,13,33
3600,13,7
3601,13,21
3602,13,17
3603,13,9
3604,13,76
3605,13,39
3606,13,5
3607,13,8
3608,13,19
3610,13,15
3611,13,57
3612,13,19
3613,13,15
3614,13,10
3615,13,20
3616,13,12
3617,13,33
3618,13,20
3619,13,4
3620,13,16
3622,13,12
3623,13,19
3624,13,14
3625,13,37
3627,13,19
3628,13,23
3629,13,37
3630,13,13
3631,13,10
3632,13,6
3634,13,22
3635,13,27
3636,13,25
3637,13,5
3638,13,11
3639,13,12
3640,13,42
3641,13,10
3642,13,23
3643,13,24
3644,13,13
3645,13,18
3646,13,17
3647,13,8
3648,13,21
3649,13,15
3650,13,1
3652,13,7
3653,13,4
3654,13,12
3655,13,15
3656,13,22
3657,13,13
3658,13,16
3659,13,10
3660,13,6
3661,13,6
3662,13,17
3663,13,14
3664,13,10
3665,13,6
3666,13,9
3667,13,23
3668,13,11
3669,13,7
3670,13,22
3671,13,9
3672,13,47
3673,13,4
3675,13,14
3676,13,5
3678,13,5
3679,13,13
3680,13,43
3681,13,10
3682,13,9
3683,13,17
3685,13,15
3686,13,4
3687,13,33
3688,13,2
3689,13,3
3690,13,26
3691,13,3
3693,13,29
3694,13,5
3695,13,15
3696,13,15
3697,13,21
3698,13,18
3699,13,3
3700,13,7
3701,13,15
3702,13,38
3703,13,15
3704,13,2
3705,13,38
3706,13,25
3707,13,24
3708,13,15
3709,13,1
3710,13,26
3711,13,29
3712,13,8
3713,13,26
3714,13,26
3715,13,14
3716,13,7
3717,13,3
3718,13,27
3719,13,23
3720,13,10
3722,13,33
3724,13,6
3725,13,19
3726,13,15
3727,13,6
3728,13,28
3729,13,1
3730,13,28
3731,13,40
3732,13,2
3733,13,3
3734,13,49
3735,13,16
3736,13,12
3737,13,39
3738,13,30
3739,13,15
3740,13,27
3742,13,5
3743,13,19
3744,13,3
3745,13,6
3746,13,2
3747,13,22
3748,13,1
3749,13,6
3751,13,6
3752,13,19
3753,13,25
3754,13,8
3755,13,8
3757,13,17
3758,13,44
3759,13,19
3760,13,17
3761,13,21
3762,13,17
3763,13,12
3764,13,29
3765,13,4
3766,13,10
3767,13,10
3768,13,23
3769,13,13
3770,13,10
3771,13,7
3772,13,8
3773,13,14
3774,13,18
3775,13,9
3776,13,19
3777,13,10
3778,13,13
3780,13,16
3781,13,4
3782,13,32
3783,13,13
3784,13,12
3785,13,19
3786,13,21
3787,13,5
3788,13,12
3789,13,8
3790,13,45
3791,13,21
3792,13,15
3793,13,49
3794,13,35
3795,13,5
3796,13,11
3798,13,1
3799,13,14
3800,13,49
3801,13,3
3802,13,16
3803,13,21
3804,13,49
3805,13,5
3806,13,6
3807,13,2
3808,13,2
3809,13,16
3810,13,35
3811,13,3
3812,13,7
3813,13,7
3814,13,8
3815,13,15
3816,13,3
3817,13,12
3818,13,14
3819,13,13
3820,13,1
3821,13,26
3822,13,30
3823,13,14
3824,13,50
3825,13,27
3826,13,32
3827,13,8
3828,13,28
3829,13,37
3831,13,25
3832,13,12
3833,13,32
3834,13,7
3835,13,26
3836,13,22
3837,13,17
3838,13,61
3839,13,5
3840,13,12
3841,13,33
3842,13,41
3843,13,8
3844,13,5
3845,13,20
3846,13,2
3847,13,13
3848,13,6
3849,13,5
3850,13,20
3852,13,22
3853,13,1
3854,13,2
3855,13,15
3856,13,1
3857,13,11
3858,13,32
3859,13,6
3860,13,37
3862,13,19
3863,13,11
3864,13,7
3865,13,4
3866,13,19
3867,13,26
3868,13,18
3869,13,32
3870,13,26
3871,13,8
3873,13,38
3874,13,14
3875,13,2
3876,13,9
3878,13,10
3879,13,2
3880,13,10
3881,13,18
3882,13,4
3883,13,15
3884,13,34
3885,13,2
3887,13,5
3888,13,10
3889,13,15
3890,13,5
3891,13,24
3892,13,13
3893,13,6
3894,13,9
3895,13,13
3896,13,21
3897,13,4
3898,13,16
3899,13,7
3900,13,34
3901,13,8
3902,13,42
3903,13,18
3904,13,7
3905,13,8
3906,13,44
3907,13,26
3908,13,7
3909,13,22
3910,13,4
3911,13,7
3912,13,15
3913,13,18
3914,13,8
3915,13,22
3916,13,7
3917,13,15
3918,13,31
3919,13,12
3920,13,16
3921,13,30
3922,13,2
3923,13,7
3924,13,41
3925,13,5
3926,13,43
3927,13,24
3928,13,3
3929,13,15
3930,13,47
3931,13,22
3932,13,8
3933,13,22
3934,13,10
3935,13,1
3936,13,6
3937,13,14
3938,13,83
3939,13,4
3940,13,11
3941,13,7
3942,13,2
3944,13,13
3945,13,34
3946,13,4
3947,13,32
3949,13,12
3950,13,16
3951,13,35
3952,13,4
3953,13,4
3954,13,4
3955,13,3
3956,13,24
3957,13,18
3958,13,9
3959,13,2
3960,13,17
3963,13,6
3964,13,15
3965,13,4
3966,13,47
3967,13,16
3968,13,46
3969,13,25
3970,13,6
3971,13,47
3972,13,18
3973,13,8
3974,13,1
3975,13,15
3976,13,15
3977,13,6
3978,13,4
3979,13,12
3981,12,8
3982,12,14
3983,12,2
3984,12,1
3985,12,6
3986,12,9
3987,12,2
3988,12,7
3990,12,4
3991,12,3
3992,12,3
3993,12,6
3994,12,11
3995,12,9
3996,12,4
3997,12,11
3998,12,14
3999,12,4
4000,12,9
4001,12,2
4002,12,7
4003,12,5
4004,12,10
4005,12,3
4006,12,2
4007,12,4
4008,12,1
4009,12,10
4010,12,1
4012,12,2
4013,12,6
4014,12,12
4015,12,1
4016,12,4
4017,12,9
4018,12,7
4019,12,8
4020,12,8
4021,12,11
4022,12,1
4023,12,18
4024,12,1
4025,12,4
4026,12,9
4027,12,7
4028,12,2
4029,12,2
4030,12,19
4032,12,2
4033,12,3
4034,12,2
4035,12,1
4036,12,2
4037,12,4
4038,12,9
